,filename,recording_length,sampling_frequency,magnitude_bandwidth,label,set,magnitude_mean
0,extrahls__201102241217.wav,9,44100,8337,extrasystole,set_a,2.5402368354749307
1,murmur__201108222227.wav,8,44100,-27372,murmur,set_a,14.718866263951675
2,extrahls__201104270458.wav,3,44100,31003,extrasystole,set_a,-4.364098933985605
3,murmur__201104241315.wav,9,44100,-25669,murmur,set_a,0.3912270093222474
4,extrahls__201101160804.wav,7,44100,15103,extrasystole,set_a,-0.4803807837346147
5,normal__201102201230.wav,9,44100,3942,normal,set_a,0.19579491055681533
6,artifact__201106010602.wav,9,44100,-87,artifact,set_a,-1.844220206601159
7,extrahls__201102071835.wav,8,44100,1656,extrasystole,set_a,-0.424850265729668
8,murmur__201108222232.wav,8,44100,-24761,murmur,set_a,4.935457969242023
9,murmur__201108222226.wav,8,44100,-26056,murmur,set_a,2.704724566948034
10,normal__201103140135.wav,8,44100,20213,normal,set_a,0.6374626925293752
11,artifact__201106111119.wav,9,44100,-16740,artifact,set_a,-1.8462635424540186
12,extrahls__201101241433.wav,9,44100,-20904,extrasystole,set_a,0.8347871000251953
13,normal__201104122156.wav,9,44100,-6078,normal,set_a,3.2256009070294787
14,artifact__201105051017.wav,9,44100,-6984,artifact,set_a,-0.44877047115142354
15,artifact__201105280851.wav,9,44100,-25,artifact,set_a,-0.4131015369110607
16,murmur__201108222236.wav,8,44100,-26890,murmur,set_a,2.6223461101046412
17,normal__201103170121.wav,8,44100,-18480,normal,set_a,-0.5507565981742251
18,artifact__201106030612.wav,9,44100,-20574,artifact,set_a,-0.9057117661879567
19,normal__201101070538.wav,9,44100,5941,normal,set_a,0.9567800871391853
20,murmur__201108222252.wav,8,44100,-23344,murmur,set_a,0.855362643517222
21,murmur__201108222248.wav,8,44100,-24015,murmur,set_a,4.4836180341641
22,artifact__201106040933.wav,9,44100,-16370,artifact,set_a,0.48790123456790124
23,extrahls__201103182227.wav,9,44100,4607,extrasystole,set_a,-1.5505064247921392
24,murmur__201103291548.wav,8,44100,-28506,murmur,set_a,6.354699124296688
25,artifact__201012172012.wav,9,44100,-18577,artifact,set_a,-0.3429604434366339
26,murmur__201108222235.wav,8,44100,-27546,murmur,set_a,1.4022196949348207
27,murmur__201108222256.wav,8,44100,-23598,murmur,set_a,-4.489027254699136
28,murmur__201108222233.wav,8,44100,-24532,murmur,set_a,5.248998451242721
29,normal__201105021804.wav,9,44100,28886,normal,set_a,-1.2038044847568656
30,artifact__201106101955.wav,9,44100,-2,artifact,set_a,59.37245905769716
31,murmur__201108222237.wav,8,44100,-27220,murmur,set_a,4.285097068791112
32,extrahls__201103170134.wav,8,44100,20477,extrasystole,set_a,0.7121012436765866
33,normal__201108011118.wav,8,44100,28356,normal,set_a,1.1828505134901903
34,murmur__201101051114.wav,9,44100,-29999,murmur,set_a,-13.94222881310508
35,artifact__201106190520.wav,9,44100,1394,artifact,set_a,0.12375157470395566
36,murmur__201108222238.wav,8,44100,-26297,murmur,set_a,-3.823836003177524
37,artifact__201106070537.wav,9,44100,-31808,artifact,set_a,-2.629438145628622
38,normal__201108011114.wav,8,44100,26045,normal,set_a,6.095660050634647
39,extrahls__201103200218.wav,9,44100,-9763,extrasystole,set_a,-0.8929906777525826
40,artifact__201106221254.wav,9,44100,-16914,artifact,set_a,-3.539198790627362
41,normal__201102081152.wav,7,44100,5744,normal,set_a,5.61850657594069
42,murmur__201108222231.wav,8,44100,-27541,murmur,set_a,1.3344829951022694
43,normal__201102081321.wav,8,44100,6534,normal,set_a,-5.639516968202227
44,murmur__201108222246.wav,8,44100,-26987,murmur,set_a,2.096900199452506
45,artifact__201105061143.wav,9,44100,2801,artifact,set_a,0.27582262534643487
46,normal__201105021654.wav,8,44100,21444,normal,set_a,-5.78010474173252
47,normal__201106111136.wav,5,44100,-17258,normal,set_a,10.718674481391302
48,artifact__201106161219.wav,9,44100,1091,artifact,set_a,-0.05639455782312925
49,artifact__201106211041.wav,9,44100,1514,artifact,set_a,0.16443436633912825
50,artifact__201106171003.wav,9,44100,7708,artifact,set_a,-0.8296346686822877
51,extrahls__201104021355.wav,1,44100,6947,extrasystole,set_a,2.2018695209957864
52,murmur__201108222245.wav,8,44100,20032,murmur,set_a,-2.7831282611056185
53,normal__201103140822.wav,8,44100,-79,normal,set_a,6.711963872398943
54,normal__201103221214.wav,3,44100,1262,normal,set_a,-0.5141452300359441
55,murmur__201108222253.wav,8,44100,-11851,murmur,set_a,-9.290111956291899
56,artifact__201106041452.wav,9,44100,-2,artifact,set_a,0.9392139077853363
57,normal__201105011626.wav,9,44100,23105,normal,set_a,-3.7251373141849333
58,normal__201106221418.wav,7,44100,15792,normal,set_a,-1.8315054254378722
59,murmur__201108222243.wav,8,44100,-101,murmur,set_a,-7.641659856325616
60,murmur__201108222223.wav,8,44100,-22768,murmur,set_a,7.537378771166826
61,artifact__201105041959.wav,9,44100,1566,artifact,set_a,0.015545477450239355
62,murmur__201101180902.wav,8,44100,-7092,murmur,set_a,-0.7780157937220237
63,normal__201103101140.wav,9,44100,-19694,normal,set_a,-28.016981607457797
64,normal__201108011115.wav,8,44100,26306,normal,set_a,0.6089016396253265
65,artifact__201106121242.wav,9,44100,-18205,artifact,set_a,-18.9420987654321
66,murmur__201102052338.wav,9,44100,32704,murmur,set_a,2.8308893927941545
67,extrahls__201101241423.wav,9,44100,21117,extrasystole,set_a,1.6142378432854623
68,artifact__201106040947.wav,9,44100,-15424,artifact,set_a,1.2427941546989165
69,murmur__201104021355.wav,1,44100,6947,murmur,set_a,2.201457838911222
70,artifact__201105040918.wav,9,44100,1121,artifact,set_a,-0.03622574955908289
71,extrahls__201104270459.wav,2,44100,30965,extrasystole,set_a,-1.2806009234373923
72,murmur__201104291843.wav,5,44100,7783,murmur,set_a,0.5731519977450497
73,murmur__201108222251.wav,8,44100,-22477,murmur,set_a,-12.785057063990536
74,extrahls__201101091153.wav,9,44100,17327,extrasystole,set_a,-1.3900932224741749
75,normal__201103151912.wav,9,44100,9893,normal,set_a,2.9901889644746786
76,murmur__201108222221.wav,8,44100,-23986,murmur,set_a,3.549640242543391
77,artifact__201106010559.wav,9,44100,-23570,artifact,set_a,0.1621164021164021
78,artifact__201106121445.wav,9,44100,860,artifact,set_a,0.05035273368606702
79,murmur__201102051443.wav,7,44100,22490,murmur,set_a,6.067153284671533
80,normal__201103090635.wav,8,44100,6072,normal,set_a,-0.5838648157684755
81,artifact__201106031558.wav,9,44100,-16278,artifact,set_a,0.01853111615016377
82,normal__201101151127.wav,9,44100,-1502,normal,set_a,-1.695575711766188
83,normal__201103140132.wav,9,44100,13454,normal,set_a,-0.9142302847064752
84,artifact__201106021541.wav,9,44100,8119,artifact,set_a,0.8596900982615269
85,artifact__201106101314.wav,9,44100,19514,artifact,set_a,1.2951952632905013
86,normal__201106210943.wav,6,44100,27105,normal,set_a,-8.227505843770714
87,artifact__201106141701.wav,9,44100,1196,artifact,set_a,-0.025757117661879568
88,murmur__201108222255.wav,8,44100,-22494,murmur,set_a,0.6890226827219267
89,extrahls__201104140118.wav,2,44100,7088,extrasystole,set_a,-1.27481369352585
90,artifact__201105060108.wav,9,44100,-5682,artifact,set_a,-0.9382665658856135
91,artifact__201106220340.wav,9,44100,-16288,artifact,set_a,-5.785784832451499
92,artifact__201105190800.wav,9,44100,16610,artifact,set_a,0.31414462081128747
93,extrahls__201102070251.wav,8,44100,6146,extrasystole,set_a,-0.11839655474882149
94,extrahls__201101160808.wav,6,44100,29015,extrasystole,set_a,7.035169320145604
95,murmur__201101051108.wav,9,44100,7270,murmur,set_a,0.18118518480705076
96,murmur__201108222224.wav,8,44100,-27135,murmur,set_a,10.1703918755965
97,murmur__201106141148.wav,6,44100,24070,murmur,set_a,2.4738376291206494
98,normal__201106221450.wav,9,44100,-20682,normal,set_a,0.8022499370118418
99,normal__201106141148.wav,6,44100,24070,normal,set_a,3.1526125642886442
100,murmur__201101051104.wav,9,44100,8338,murmur,set_a,6.641134085612846
101,artifact__201106110909.wav,9,44100,-711,artifact,set_a,0.14226001511715797
102,normal__201102270940.wav,9,44100,-14054,normal,set_a,-0.10329554043839759
103,normal__201106151236.wav,8,44100,-292,normal,set_a,4.003941912951125
104,artifact__201106212112.wav,9,44100,-11,artifact,set_a,-2.6501637692113884
105,extrahls__201101152255.wav,8,44100,2498,extrasystole,set_a,1.1156816987518152
106,artifact__201106061233.wav,9,44100,-12,artifact,set_a,11.665215419501134
107,artifact__201106211430.wav,9,44100,15090,artifact,set_a,-0.18968002015621063
108,artifact__201106050353.wav,9,44100,4080,artifact,set_a,0.23391786344167295
109,normal__201105151450.wav,8,44100,7097,normal,set_a,-2.150270149936223
110,artifact__201106161019.wav,9,44100,-65,artifact,set_a,-1.25005291005291
111,artifact__201106161016.wav,9,44100,3052,artifact,set_a,-0.05352481733434114
112,extrahls__201103150114.wav,9,44100,-30344,extrasystole,set_a,0.28132779037540945
113,normal__201104141251.wav,8,44100,12071,normal,set_a,1.0960273846528377
114,artifact__201106131835.wav,9,44100,-16483,artifact,set_a,-4.54254724111867
115,artifact__201106070949.wav,9,44100,-19,artifact,set_a,-1.8636583522297807
116,murmur__201108222242.wav,8,44100,-6030,murmur,set_a,-1.4896101817932437
117,artifact__201106131834.wav,9,44100,-16745,artifact,set_a,-0.929193751574704
118,normal__201108011112.wav,8,44100,-31148,normal,set_a,3.101383594602781
119,extrahls__201101070953.wav,9,44100,4351,extrasystole,set_a,0.34664498822064027
120,normal__201102260502.wav,6,44100,6455,normal,set_a,-1.9698047847580558
121,murmur__201108222258.wav,8,44100,-18660,murmur,set_a,5.561604535401391
122,extrahls__201101161027.wav,6,44100,9298,extrasystole,set_a,-4.056650396350982
123,artifact__201106040722.wav,9,44100,-561,artifact,set_a,0.2073318216175359
124,normal__296_1311682952647_A1.wav,1,4000,-1969,normal,set_b,45.477890599410415
125,normal__204_1308159229275_C.wav,5,4000,-1,normal,set_b,9.194162369078633
126,extrastole__153_1306848820671_C.wav,6,4000,31577,extrasystole,set_b,-34.31277073019802
127,normal_noisynormal_133_1306759619127_D1.wav,3,4000,-1,normal,set_b,-16.864253731343283
128,murmur_noisymurmur_165_1307109069581_A.wav,11,4000,-17716,murmur,set_b,-20.53306324854442
129,normal_noisynormal_144_1306522408528_A1.wav,4,4000,-9330,normal,set_b,26.125892651462795
130,murmur__254_1309350589009_A.wav,2,4000,-1,murmur,set_b,4.261812059349679
131,normal_noisynormal_115_1306259437619_B.wav,9,4000,-625,normal,set_b,3.9781453854834714
132,normal__153_1306848820671_B1.wav,5,4000,-230,normal,set_b,-3.425579544323948
133,normal_noisynormal_118_1306262335509_D.wav,14,4000,-32336,normal,set_b,30.489831991287115
134,normal_noisynormal_150_1306776340746_A.wav,10,4000,-1,normal,set_b,-3.0743873015873016
135,normal__294_1311681084248_A.wav,10,4000,-15036,normal,set_b,14.469750542563828
136,normal__106_1306776721273_C2.wav,2,4000,-3588,normal,set_b,23.988643533123028
137,normal__178_1307989887769_D.wav,12,4000,-10466,normal,set_b,-18.098822920708834
138,normal__148_1306768801551_D2.wav,4,4000,24781,normal,set_b,11.438780343398461
139,extrastole__210_1308162935880_C.wav,10,4000,-6251,extrasystole,set_b,-16.507317450894355
140,murmur_noisymurmur_135_1306428972976_C.wav,12,4000,-9243,murmur,set_b,-2.1744444911160583
141,extrastole__130_1306347376079_D.wav,4,4000,27611,extrasystole,set_b,13.213665604896633
142,normal__126_1306777102824_C.wav,4,4000,-7436,normal,set_b,-9.22829291774475
143,extrastole__249_1309202052376_C.wav,4,4000,29407,extrasystole,set_b,45.85431440005617
144,normal__140_1306519735121_B.wav,10,4000,-1,normal,set_b,-2.4250741839762613
145,normal__179_1307990076841_D.wav,4,4000,-6824,normal,set_b,11.620519075692892
146,normal__270_1309369533040_C.wav,3,4000,25377,normal,set_b,-26.228790150737904
147,murmur__116_1306258689913_D.wav,6,4000,13123,murmur,set_b,2.819131260384524
148,normal__181_1308052613891_B.wav,4,4000,-8977,normal,set_b,8.959068643897202
149,normal_noisynormal_271_1309369876160_D.wav,13,4000,-5955,normal,set_b,13.003643313623604
150,normal__220_1308250132896_D.wav,2,4000,-2,normal,set_b,18.52876129718235
151,murmur_noisymurmur_200_1308144251434_D.wav,8,4000,-6126,murmur,set_b,1.4125203306004581
152,normal__141_1306520154450_C.wav,3,4000,-6,normal,set_b,-0.5415927839025518
153,murmur_noisymurmur_288_1311164615284_B1.wav,8,4000,-1,murmur,set_b,7.227981800454988
154,extrastole__202_1308145175747_C2.wav,2,4000,-13516,extrasystole,set_b,-11.44708423326134
155,normal__175_1307987962616_B1.wav,2,4000,22013,normal,set_b,12.418281747179636
156,normal__178_1307989887769_B.wav,5,4000,-1,normal,set_b,4.6964487186375115
157,normal_noisynormal_147_1306523973811_B.wav,13,4000,-1,normal,set_b,-7.4609628959972305
158,normal_noisynormal_151_1306779785624_C.wav,15,4000,-20804,normal,set_b,-2.776563469049096
159,murmur_noisymurmur_156_1306936373241_B1.wav,6,4000,-1,murmur,set_b,2.06694166175604
160,normal_noisynormal_109_1305653972028_E.wav,8,4000,23342,normal,set_b,-4.1887144166061105
161,murmur_noisymurmur_162_1307101835989_B_1.wav,9,4000,-1,murmur,set_b,1.1452589500911174
162,normal__154_1306935608852_D.wav,2,4000,-31570,normal,set_b,5.393030562696373
163,murmur__122_1306325762831_D.wav,14,4000,-8166,murmur,set_b,5.847319104633003
164,normal__113_1306244002866_D.wav,4,4000,23790,normal,set_b,4.786321946032168
165,normal__127_1306764300147_B.wav,8,4000,-9976,normal,set_b,-15.284398163430664
166,murmur_noisymurmur_288_1311164615284_C.wav,12,4000,-1,murmur,set_b,3.9610445912469032
167,normal__181_1308052613891_D.wav,2,4000,13533,normal,set_b,-18.209896861970595
168,normal_noisynormal_113_1306244002866_B.wav,8,4000,-27618,normal,set_b,26.57281553398058
169,normal__143_1306763822290_C.wav,2,4000,-17852,normal,set_b,15.536199095022624
170,normal__210_1308162935880_D2.wav,1,4000,-1679,normal,set_b,-34.591121021690654
171,normal_noisynormal_136_1306429977501_B.wav,6,4000,-15973,normal,set_b,9.194693752462676
172,normal__274_1311075637574_B1.wav,2,4000,-20955,normal,set_b,-10.51103412881704
173,murmur_noisymurmur_185_1308073325396_D.wav,6,4000,-16416,murmur,set_b,-11.660170092133239
174,normal__154_1306935608852_A1.wav,2,4000,28357,normal,set_b,-23.772301933873987
175,normal_noisynormal_284_1311168471850_A.wav,12,4000,-5197,normal,set_b,10.902972749793559
176,normal__169_1307970398039_C.wav,3,4000,28681,normal,set_b,8.71626353937617
177,normal__150_1306776340746_C.wav,12,4000,-1,normal,set_b,4.746520472568377
178,murmur__281_1311165683454_B.wav,10,4000,-1,murmur,set_b,-10.4172254870882
179,normal_noisynormal_296_1311682952647_D.wav,10,4000,-2838,normal,set_b,2.250085923307311
180,normal__202_1308145175747_D.wav,2,4000,30959,normal,set_b,11.536765481590885
181,normal__170_1307970562729_A.wav,5,4000,-24489,normal,set_b,-10.325018896447467
182,normal__250_1309202496494_A.wav,2,4000,-28957,normal,set_b,18.245904016238946
183,murmur__165_1307109069581_C.wav,4,4000,-24071,murmur,set_b,11.166198313930149
184,normal_noisynormal_130_1306347376079_B.wav,10,4000,-1,normal,set_b,5.2885299753627155
185,extrastole__140_1306519735121_D.wav,6,4000,21540,extrasystole,set_b,-4.024700129560747
186,normal_noisynormal_110_1305655332337_B.wav,9,4000,-2326,normal,set_b,-47.947667604313175
187,extrastole__261_1309353556003_C.wav,5,4000,-28876,extrasystole,set_b,-16.16079263294923
188,murmur_noisymurmur_243_1309197760898_B.wav,13,4000,-781,murmur,set_b,9.009025200989488
189,normal__295_1311682673157_D.wav,1,4000,-24331,normal,set_b,-6.449764784946237
190,normal__274_1311075637574_D.wav,2,4000,22821,normal,set_b,2.408554385074248
191,normal__278_1311163365896_A1.wav,3,4000,24865,normal,set_b,-12.506413780465458
192,normal_noisynormal_157_1306937583792_B.wav,17,4000,-24363,normal,set_b,-6.907265001249798
193,normal_noisynormal_270_1309369533040_B.wav,12,4000,-1,normal,set_b,4.039017341040463
194,normal_noisynormal_136_1306429977501_D1.wav,16,4000,-3,normal,set_b,-2.8485976189325473
195,normal__129_1306344506305_D.wav,7,4000,-11661,normal,set_b,-0.05378597373568036
196,murmur_noisymurmur_160_1307100683334_D.wav,7,4000,-12731,murmur,set_b,2.1116387889792927
197,extrastole__144_1306522408528_B1.wav,3,4000,-1,extrasystole,set_b,13.164750671842341
198,normal__159_1307018640315_A.wav,3,4000,-24054,normal,set_b,0.30611476952022576
199,murmur__248_1309201683806_A.wav,7,4000,-31017,murmur,set_b,0.3044165145344755
200,normal__215_1308245664733_C1.wav,2,4000,15720,normal,set_b,11.1468147751606
201,murmur_noisymurmur_165_1307109069581_C1.wav,4,4000,32284,murmur,set_b,-4.7266941744177915
202,normal_noisynormal_132_1306758754432_B1.wav,5,4000,-8003,normal,set_b,4.742561639135337
203,normal_noisynormal_125_1306332456645_B1.wav,7,4000,-6,normal,set_b,-7.203585193804087
204,murmur__203_1308162026258_D.wav,4,4000,-27086,murmur,set_b,16.82712679534672
205,murmur__193_1308078104592_C1.wav,3,4000,-1,murmur,set_b,8.230853192650537
206,normal__218_1308246311449_C.wav,2,4000,-14849,normal,set_b,-9.041984239762305
207,normal__152_1306779561195_D.wav,8,4000,-8938,normal,set_b,-5.668422305540677
208,normal_noisynormal_234_1308748855534_B.wav,2,4000,-3,normal,set_b,-9.466604452739634
209,murmur__239_1309195730333_B.wav,5,4000,-14679,murmur,set_b,1.0927064610727462
210,normal__146_1306778707532_A.wav,5,4000,32113,normal,set_b,0.13892259800559278
211,normal__194_1308139824187_A1.wav,4,4000,-15237,normal,set_b,2.071669771774569
212,normal_noisynormal_270_1309369533040_A.wav,11,4000,-17047,normal,set_b,-3.5859918895478304
213,normal__299_1311770522820_C.wav,5,4000,-11567,normal,set_b,5.952322377484747
214,murmur_noisymurmur_171_1307971016233_D.wav,1,4000,-1,murmur,set_b,-10.421111525550169
215,normal__261_1309353556003_B.wav,3,4000,19869,normal,set_b,-12.874380720463515
216,normal_noisynormal_106_1306776721273_A.wav,9,4000,-1,normal,set_b,-2.146056799866615
217,normal__149_1306776016110_B.wav,5,4000,-15816,normal,set_b,-12.146024993352832
218,normal__134_1306428161797_D.wav,1,4000,13480,normal,set_b,-13.869981658854698
219,normal__125_1306332456645_B.wav,2,4000,-10717,normal,set_b,40.19087388041636
220,murmur_noisymurmur_156_1306936373241_A.wav,5,4000,-9327,murmur,set_b,-1.415973943901609
221,normal_noisynormal_172_1307971284351_A.wav,9,4000,22309,normal,set_b,-2.2576948264571053
222,normal__296_1311682952647_A2.wav,1,4000,-1,normal,set_b,2.3213996763754046
223,normal__298_1311685888900_B.wav,7,4000,-12477,normal,set_b,-1.6942307692307692
224,normal_noisynormal_296_1311682952647_C.wav,13,4000,-2,normal,set_b,-5.1215545283341894
225,murmur__165_1307109069581_C2.wav,5,4000,-10450,murmur,set_b,6.934895701803121
226,murmur__195_1308140095331_A.wav,2,4000,12541,murmur,set_b,-11.799441028507546
227,murmur_noisymurmur_164_1307106095995_C1.wav,4,4000,-16035,murmur,set_b,3.042026958290946
228,normal__177_1307989650056_A1.wav,2,4000,-16670,normal,set_b,15.593791214365426
229,normal__232_1308748524018_A.wav,1,4000,-27545,normal,set_b,5.5699774266365685
230,extrastole__253_1309350256198_B.wav,3,4000,30967,extrasystole,set_b,5.29997429526176
231,extrastole__229_1308594979317_B.wav,6,4000,-32676,extrasystole,set_b,-20.138267843541378
232,normal_noisynormal_264_1309356143724_C.wav,13,4000,-15340,normal,set_b,-15.271111527296563
233,murmur__292_1311185449649_B.wav,3,4000,-3,murmur,set_b,55.07191063532697
234,normal__177_1307989650056_D1.wav,3,4000,-21574,normal,set_b,-22.37501164632442
235,extrastole__275_1310990852160_B.wav,5,4000,-20035,extrasystole,set_b,-30.56441623586016
236,normal_noisynormal_134_1306428161797_B1.wav,6,4000,-13117,normal,set_b,-62.06023525696692
237,murmur__195_1308140095331_C.wav,3,4000,-13907,murmur,set_b,-11.770862021481685
238,normal_noisynormal_146_1306778707532_D.wav,22,4000,23712,normal,set_b,36.10367546654529
239,normal_noisynormal_138_1306762146980_A.wav,13,4000,-1,normal,set_b,-12.814394240712751
240,murmur_noisymurmur_243_1309197760898_C.wav,9,4000,-1,murmur,set_b,-15.4212927756654
241,normal__139_1306519274653_A.wav,8,4000,-24933,normal,set_b,-2.6338270084583724
242,normal__175_1307987962616_B.wav,2,4000,20071,normal,set_b,-0.058054334347875096
243,murmur__196_1308141034858_C.wav,17,4000,-1,murmur,set_b,17.70248703285011
244,normal__235_1308749032454_C.wav,1,4000,-1,normal,set_b,-52.33906735751295
245,murmur_noisymurmur_293_1311680805936_C.wav,10,4000,-5088,murmur,set_b,3.130028873917228
246,normal__274_1311075637574_B.wav,2,4000,-24714,normal,set_b,-6.247324756522785
247,normal__220_1308250132896_C.wav,5,4000,-3,normal,set_b,-7.105379236148467
248,murmur__164_1307106095995_B.wav,13,4000,-1,murmur,set_b,1.9402409074961993
249,normal_noisynormal_167_1307111318050_A1.wav,5,4000,-1,normal,set_b,11.497521336944857
250,normal__159_1307018640315_B2.wav,2,4000,-1,normal,set_b,-9.116792249730894
251,normal_noisynormal_125_1306332456645_C.wav,11,4000,-1,normal,set_b,-3.4962441209905712
252,murmur__164_1307106095995_C.wav,3,4000,-18205,murmur,set_b,-0.661655988171513
253,normal_noisynormal_142_1306763049574_D.wav,4,4000,-12703,normal,set_b,6.8827834572490705
254,normal__286_1311170606028_C.wav,8,4000,-26000,normal,set_b,6.341222762094971
255,normal__152_1306779561195_C1.wav,1,4000,-28227,normal,set_b,-19.60086206896552
256,murmur_noisymurmur_240_1309201366049_D.wav,17,4000,-1,murmur,set_b,34.737516061854755
257,normal__280_1311165195344_A.wav,3,4000,22293,normal,set_b,-30.56514421237855
258,murmur__156_1306936373241_B.wav,4,4000,-1,murmur,set_b,0.33962722360512415
259,normal_noisynormal_104_1305032492469_A.wav,11,4000,17754,normal,set_b,-7.789714258925014
260,normal_noisynormal_170_1307970562729_C1.wav,2,4000,-1,normal,set_b,19.063231347289317
261,normal__109_1305653646620_C.wav,8,4000,-28698,normal,set_b,7.7391503717533
262,normal__175_1307987962616_D.wav,5,4000,9304,normal,set_b,20.043746729461017
263,murmur__185_1308073325396_B.wav,11,4000,-4581,murmur,set_b,0.49830104187763
264,normal_noisynormal_157_1306937583792_A.wav,11,4000,15288,normal,set_b,-10.38548321972306
265,normal__188_1308074301731_D.wav,3,4000,-31971,normal,set_b,-2.5159527758805735
266,murmur__245_1309200438094_B.wav,2,4000,-17848,murmur,set_b,2.178854840678794
267,normal_noisynormal_169_1307970398039_A.wav,4,4000,20193,normal,set_b,12.508372036176974
268,murmur__116_1306258689913_C.wav,24,4000,20125,murmur,set_b,19.184209437086093
269,normal__148_1306768801551_C1.wav,3,4000,15372,normal,set_b,-24.188301693175987
270,normal_noisynormal_127_1306764300147_D1.wav,11,4000,-174,normal,set_b,-10.75799670992506
271,normal__204_1308159229275_D.wav,4,4000,-17583,normal,set_b,5.088954518606025
272,normal__209_1308162216750_A1.wav,2,4000,18410,normal,set_b,-35.8189738625363
273,normal__106_1306776721273_D2.wav,6,4000,-1,normal,set_b,-9.0691924867555
274,normal__286_1311170606028_A1.wav,1,4000,-2,normal,set_b,-5.346884772672601
275,normal__209_1308162216750_A.wav,3,4000,17235,normal,set_b,-22.2288768238887
276,murmur__244_1309198148498_B.wav,2,4000,-26597,murmur,set_b,9.81458576429405
277,murmur__195_1308140095331_C1.wav,4,4000,-14583,murmur,set_b,-8.519643699858424
278,normal__210_1308162935880_B.wav,2,4000,-2,normal,set_b,9.346732911773563
279,normal_noisynormal_149_1306776016110_A.wav,18,4000,-23576,normal,set_b,-2.666890548968542
280,normal__128_1306344005749_D1.wav,6,4000,28117,normal,set_b,9.352035075466574
281,normal_noisynormal_107_1305654946865_A.wav,7,4000,10855,normal,set_b,19.186025165410946
282,normal__106_1306776721273_C1.wav,3,4000,-1,normal,set_b,28.21891404842122
283,normal__103_1305031931979_B.wav,6,4000,-31412,normal,set_b,-14.44381818913805
284,normal__294_1311681084248_D1.wav,9,4000,-23763,normal,set_b,8.019963093440698
285,murmur__254_1309350589009_C.wav,4,4000,-11146,murmur,set_b,-16.38576734862331
286,normal__140_1306519735121_D1.wav,5,4000,22779,normal,set_b,-3.4309960035293505
287,normal__153_1306848820671_B.wav,5,4000,-7840,normal,set_b,12.787086058341119
288,normal__224_1308337157445_C.wav,11,4000,25778,normal,set_b,12.204062918812161
289,normal__274_1311075637574_A1.wav,3,4000,-30767,normal,set_b,11.483302480562754
290,normal__167_1307111318050_C.wav,2,4000,14088,normal,set_b,14.710875331564987
291,murmur__204_1308159229275_B.wav,4,4000,-1,murmur,set_b,-11.4169912923923
292,normal_noisynormal_141_1306520154450_C1.wav,5,4000,-6,normal,set_b,4.3787700167010515
293,murmur__242_1309197394064_B.wav,6,4000,-4,murmur,set_b,22.94475354596035
294,murmur__203_1308162026258_C1.wav,4,4000,-226,murmur,set_b,-1.4461644702768026
295,normal_noisynormal_121_1306263877235_D.wav,10,4000,-28634,normal,set_b,-16.350747430706946
296,normal__147_1306523973811_A.wav,3,4000,21132,normal,set_b,-23.98482911446348
297,normal__198_1308141739338_C.wav,9,4000,-228,normal,set_b,-4.149430223901964
298,murmur_noisymurmur_272_1309370164386_C.wav,3,4000,-30941,murmur,set_b,-20.10351677457328
299,normal__103_1305031931979_D3.wav,9,4000,-184,normal,set_b,-2.9806870435488233
300,normal__190_1308076920011_D.wav,2,4000,-13719,normal,set_b,-15.942526293423988
301,normal_noisynormal_109_1305653972028_A.wav,5,4000,16484,normal,set_b,-3.2722818607211672
302,normal__180_1307990956284_A.wav,3,4000,11543,normal,set_b,5.354614514304187
303,normal__103_1305031931979_D1.wav,10,4000,-9374,normal,set_b,-1.7891694016662458
304,murmur_noisymurmur_171_1307971016233_F.wav,3,4000,-1,murmur,set_b,11.16626528343831
305,murmur__292_1311185449649_C.wav,6,4000,-9984,murmur,set_b,-5.603372336165858
306,normal_noisynormal_271_1309369876160_C.wav,11,4000,-2,normal,set_b,17.756936891069405
307,normal__174_1307987737137_B1.wav,2,4000,-25927,normal,set_b,22.748559077809798
308,normal__202_1308145175747_C.wav,5,4000,-6335,normal,set_b,-0.17940678809594904
309,normal__172_1307971284351_B1.wav,2,4000,-25467,normal,set_b,15.812174087444845
310,normal__267_1309368735165_A.wav,2,4000,11987,normal,set_b,12.703977199119057
311,normal_noisynormal_137_1306764999211_A2.wav,4,4000,-1,normal,set_b,75.75804850375833
312,murmur__116_1306258689913_A.wav,9,4000,-30390,murmur,set_b,-5.656890900124735
313,normal__230_1308595300880_C.wav,2,4000,20903,normal,set_b,-15.071903842026186
314,murmur_noisymurmur_231_1308748318393_A.wav,3,4000,20589,murmur,set_b,-4.937998160637646
315,normal_noisynormal_216_1308245839516_D.wav,17,4000,-16934,normal,set_b,-0.6154752197155025
316,murmur__203_1308162026258_B.wav,6,4000,-4932,murmur,set_b,-0.15370616955170882
317,murmur__193_1308078104592_C.wav,4,4000,-1,murmur,set_b,3.120999367488931
318,normal_noisynormal_109_1305653972028_F.wav,10,4000,22301,normal,set_b,3.967470555243971
319,normal__230_1308595300880_B.wav,2,4000,-10999,normal,set_b,9.785593350777281
320,normal__141_1306520154450_B.wav,5,4000,-1,normal,set_b,11.154360361279787
321,normal__294_1311681084248_B.wav,5,4000,-681,normal,set_b,-7.609804955192409
322,normal_noisynormal_264_1309356143724_D.wav,12,4000,-17155,normal,set_b,-8.103898469759534
323,normal__176_1307988171173_B.wav,3,4000,-24467,normal,set_b,-30.3666562937607
324,murmur__197_1308141235553_C.wav,7,4000,-1,murmur,set_b,10.734783371338361
325,normal_noisynormal_134_1306428161797_D1.wav,7,4000,-16366,normal,set_b,11.316191269345548
326,normal_noisynormal_123_1306331925797_B.wav,13,4000,-1,normal,set_b,-1.1466142058397184
327,murmur__281_1311165683454_A.wav,11,4000,-9345,murmur,set_b,-0.2992937756886255
328,normal__290_1311182875320_A.wav,3,4000,27834,normal,set_b,2.2132096474953618
329,murmur__239_1309195730333_C.wav,8,4000,-23500,murmur,set_b,11.463264846789492
330,normal_noisynormal_189_1308075231945_A1.wav,3,4000,-16985,normal,set_b,-0.8115609149200881
331,murmur__197_1308141235553_D.wav,18,4000,-2782,murmur,set_b,-0.14241675267532186
332,murmur_noisymurmur_240_1309201366049_C.wav,10,4000,-1,murmur,set_b,12.031087685182817
333,normal_noisynormal_136_1306429977501_C.wav,5,4000,-14537,normal,set_b,4.443142424686295
334,normal_noisynormal_155_1306935902813_A.wav,13,4000,-15179,normal,set_b,-2.944503512435922
335,normal__154_1306935608852_B.wav,4,4000,-3643,normal,set_b,8.899555448756457
336,normal__117_1306262456650_B.wav,7,4000,-16789,normal,set_b,17.617789818263912
337,murmur__240_1309196119795_B.wav,7,4000,-23840,murmur,set_b,3.854090746695248
338,normal__146_1306778707532_D2.wav,9,4000,-10054,normal,set_b,-0.8477558445790002
339,murmur__161_1307101199321_A.wav,17,4000,-1,murmur,set_b,2.007344207202248
340,normal_noisynormal_144_1306522408528_C.wav,10,4000,-1,normal,set_b,-13.169275508913895
341,normal__153_1306848820671_D1.wav,2,4000,22277,normal,set_b,2.7797258527255337
342,normal__133_1306759619127_B.wav,3,4000,-2134,normal,set_b,-0.0080466884782032
343,normal__170_1307970562729_B.wav,8,4000,-1,normal,set_b,11.396447182983186
344,normal__286_1311170606028_B1.wav,2,4000,-4344,normal,set_b,4.343672052922677
345,normal__186_1308073648738_D.wav,3,4000,27370,normal,set_b,23.641033457815716
346,normal_noisynormal_118_1306262335509_C1.wav,5,4000,25279,normal,set_b,23.3299306518724
347,normal__207_1308159792607_C.wav,7,4000,-30474,normal,set_b,8.60816706000143
348,normal_noisynormal_284_1311168471850_B.wav,12,4000,-608,normal,set_b,16.222651302813247
349,extrastole__148_1306768801551_B.wav,4,4000,29527,extrasystole,set_b,-1.6117536730228197
350,extrastole__220_1308250132896_B.wav,5,4000,-1,extrasystole,set_b,6.8027803958529685
351,normal_noisynormal_258_1309352253234_A.wav,28,4000,-1,normal,set_b,-0.26890228585782466
352,normal_noisynormal_133_1306759619127_C.wav,11,4000,-9223,normal,set_b,4.2484632435273415
353,normal__180_1307990956284_C.wav,5,4000,21271,normal,set_b,7.998742314141979
354,normal__170_1307970562729_C.wav,7,4000,-1,normal,set_b,14.172043741085377
355,murmur__197_1308141235553_A.wav,10,4000,-1,murmur,set_b,20.761004036206444
356,normal_noisynormal_123_1306331925797_C.wav,8,4000,-1917,normal,set_b,2.1687407272837373
357,normal__147_1306523973811_C.wav,2,4000,-27518,normal,set_b,7.861414790996784
358,normal__215_1308245664733_C.wav,3,4000,16435,normal,set_b,10.560567876344086
359,normal__159_1307018640315_C1.wav,4,4000,-1,normal,set_b,1.5470751711516302
360,normal_noisynormal_137_1306764999211_B.wav,2,4000,-4,normal,set_b,13.426844199571473
361,normal__151_1306779785624_A.wav,6,4000,27920,normal,set_b,-3.361719096145326
362,normal__208_1308159994503_C.wav,2,4000,16090,normal,set_b,-4.333131362094038
363,normal__134_1306428161797_C2.wav,1,4000,20969,normal,set_b,-10.510581121934834
364,normal_noisynormal_117_1306262456650_A.wav,15,4000,32253,normal,set_b,-1.903181031385741
365,normal_noisynormal_105_1305033453095_C.wav,9,4000,-8351,normal,set_b,9.69316997605971
366,normal_noisynormal_108_1305654420093_B.wav,18,4000,30835,normal,set_b,-4.00809559991711
367,murmur__293_1311680805936_B1.wav,1,4000,-309,murmur,set_b,26.315414738341047
368,normal__173_1307973611151_B.wav,3,4000,-1,normal,set_b,-1.891964131746853
369,extrastole__224_1308337157445_B.wav,4,4000,26415,extrasystole,set_b,-6.885210632243736
370,normal_noisynormal_105_1305033453095_A.wav,10,4000,-23862,normal,set_b,-5.143383060635226
371,extrastole__198_1308141739338_B1.wav,7,4000,-1,extrasystole,set_b,3.912500936820805
372,normal_noisynormal_121_1306263877235_C.wav,12,4000,-16204,normal,set_b,-0.05754489131576184
373,normal__129_1306344506305_D1.wav,4,4000,-11658,normal,set_b,-7.352820035873248
374,normal__184_1308073010307_B.wav,13,4000,-1,normal,set_b,2.33859662489048
375,normal__250_1309202496494_B.wav,3,4000,-13884,normal,set_b,10.948680589282823
376,extrastole__179_1307990076841_C.wav,12,4000,-1,extrasystole,set_b,9.011838720051456
377,murmur_noisymurmur_292_1311185449649_D.wav,3,4000,-29976,murmur,set_b,12.343427391603578
378,extrastole__216_1308245839516_A.wav,12,4000,-13459,extrasystole,set_b,0.766303786485984
379,murmur_noisymurmur_135_1306428972976_B.wav,9,4000,-4,murmur,set_b,10.685807949733643
380,extrastole__298_1311685888900_C.wav,10,4000,-10669,extrasystole,set_b,-16.018952226641137
381,normal__137_1306764999211_D.wav,6,4000,-6952,normal,set_b,-7.897921006759916
382,extrastole__209_1308162216750_D.wav,6,4000,-1,extrasystole,set_b,13.14385048053501
383,normal__232_1308748524018_B1.wav,1,4000,-156,normal,set_b,-3.6615767045454546
384,normal_noisynormal_167_1307111318050_B.wav,11,4000,-22590,normal,set_b,-8.83751111111111
385,normal_noisynormal_138_1306762146980_D.wav,6,4000,-1,normal,set_b,-20.563241539337156
386,normal__232_1308748524018_B.wav,2,4000,-2,normal,set_b,-0.5608365019011406
387,murmur__211_1308163238707_C.wav,3,4000,-5967,murmur,set_b,-5.664522382798731
388,normal_noisynormal_181_1308052613891_A.wav,10,4000,-1,normal,set_b,9.558716677303746
389,extrastole__213_1308245263936_D.wav,5,4000,-5192,extrasystole,set_b,5.655111914509011
390,normal__238_1309194586293_A.wav,1,4000,-24295,normal,set_b,6.821146876998508
391,normal__177_1307989650056_D.wav,2,4000,-6,normal,set_b,-23.957677765581167
392,normal__137_1306764999211_C.wav,6,4000,-5458,normal,set_b,-1.3105101413644744
393,normal__133_1306759619127_A.wav,3,4000,17479,normal,set_b,10.478003696857671
394,normal_noisynormal_141_1306520154450_B1.wav,3,4000,-1,normal,set_b,12.786540221279427
395,normal__168_1307970069434_A.wav,6,4000,-22980,normal,set_b,-11.94222596254997
396,normal_noisynormal_117_1306262456650_C.wav,10,4000,-31885,normal,set_b,-8.200409047160731
397,normal__145_1307987561278_C.wav,12,4000,-1351,normal,set_b,-2.308041893036419
398,extrastole__184_1308073010307_A.wav,13,4000,29638,extrasystole,set_b,6.326345683164247
399,normal__194_1308139824187_A.wav,8,4000,-17609,normal,set_b,1.440179851427082
400,normal_noisynormal_158_1306947254705_D.wav,12,4000,-32678,normal,set_b,8.647608125819135
401,normal__127_1306764300147_A.wav,10,4000,17725,normal,set_b,2.4301100384096337
402,extrastole__215_1308245664733_B.wav,4,4000,-17090,extrasystole,set_b,-20.655243400339064
403,normal_noisynormal_108_1305654420093_A.wav,9,4000,14674,normal,set_b,-2.8182769445413323
404,normal__173_1307973611151_C.wav,3,4000,-2,normal,set_b,10.235629376323075
405,normal__256_1309351470137_A.wav,3,4000,-21421,normal,set_b,-22.710950844562536
406,extrastole__202_1308145175747_C1.wav,3,4000,-17274,extrasystole,set_b,-24.221684839957792
407,normal__191_1308077299430_B.wav,12,4000,-1,normal,set_b,32.54896405919662
408,normal__183_1308072703477_B.wav,4,4000,-1,normal,set_b,34.06928339517625
409,normal__201_1308144942432_A.wav,2,4000,-11809,normal,set_b,2.8511351516074965
410,normal_noisynormal_178_1307989887769_B1.wav,2,4000,-1,normal,set_b,19.598594707729106
411,murmur_noisymurmur_161_1307101199321_B.wav,11,4000,-1,murmur,set_b,3.4560552259544344
412,murmur__112_1306243000964_B.wav,12,4000,-1,murmur,set_b,13.224194835731389
413,normal__176_1307988171173_B1.wav,1,4000,-22873,normal,set_b,-29.986089906700595
414,extrastole__138_1306762146980_B.wav,8,4000,-9571,extrasystole,set_b,-1.1431436063550826
415,normal__260_1309353164458_C.wav,5,4000,-13734,normal,set_b,-4.027365356622998
416,normal_noisynormal_118_1306262335509_B.wav,9,4000,-1,normal,set_b,-3.0178738865447725
417,normal_noisynormal_173_1307973611151_B.wav,2,4000,-1,normal,set_b,30.93455901259964
418,normal_noisynormal_168_1307970069434_A1.wav,5,4000,-26979,normal,set_b,-12.680027932960893
419,normal__155_1306935902813_B1.wav,3,4000,-6489,normal,set_b,-4.9916602017067495
420,normal__158_1306947254705_B2.wav,2,4000,-24415,normal,set_b,-11.713136314405075
421,normal_noisynormal_194_1308139824187_C.wav,2,4000,-1,normal,set_b,0.46115892139988524
422,normal__134_1306428161797_C.wav,3,4000,23765,normal,set_b,14.458875091307524
423,murmur__162_1307101835989_B.wav,4,4000,-13282,murmur,set_b,-0.32036755561696834
424,murmur__160_1307100683334_A.wav,12,4000,-4190,murmur,set_b,-1.0651685869196883
425,murmur__112_1306243000964_D.wav,15,4000,-138,murmur,set_b,-3.4166734830762184
426,murmur__193_1308078104592_B.wav,7,4000,-1,murmur,set_b,13.141199954803962
427,normal__177_1307989650056_B.wav,4,4000,-29877,normal,set_b,4.580810643215514
428,murmur__287_1311170903290_C.wav,9,4000,-9798,murmur,set_b,-9.996590511714652
429,normal__149_1306776016110_C1.wav,9,4000,31411,normal,set_b,-2.3459974344277956
430,normal_noisynormal_109_1305653972028_C.wav,6,4000,-6,normal,set_b,-21.95582436084895
431,normal_noisynormal_117_1306262456650_D.wav,11,4000,-15683,normal,set_b,9.507325575917463
432,normal__176_1307988171173_A.wav,3,4000,27750,normal,set_b,2.9588401933011164
433,normal_noisynormal_142_1306763049574_A.wav,15,4000,12558,normal,set_b,-0.5187982350316471
434,normal_noisynormal_163_1307104470471_D1.wav,2,4000,-27631,normal,set_b,-26.816235218919783
435,normal__237_1308750231222_C.wav,1,4000,-6434,normal,set_b,-10.711528429838289
436,normal__232_1308748524018_C.wav,2,4000,-1,normal,set_b,36.20273248126928
437,normal__115_1306259437619_C.wav,8,4000,-19322,normal,set_b,-0.8317856796195037
438,murmur__196_1308141034858_B.wav,16,4000,-1,murmur,set_b,43.2909748177195
439,normal_noisynormal_158_1306947254705_B1.wav,2,4000,-7745,normal,set_b,-16.003584630895038
440,normal_noisynormal_271_1309369876160_A.wav,15,4000,-11905,normal,set_b,-38.77591996280543
441,extrastole__207_1308159792607_B1.wav,5,4000,27592,extrasystole,set_b,2.514461247637051
442,normal__258_1309352253234_C.wav,3,4000,-4,normal,set_b,-12.617738504336442
443,murmur__200_1308144251434_D.wav,8,4000,-7150,murmur,set_b,-11.985947197478856
444,normal__273_1309370841191_B.wav,3,4000,-1697,normal,set_b,-31.187095245616806
445,normal__150_1306776340746_B.wav,10,4000,-21724,normal,set_b,0.7534690337720641
446,normal__107_1305654946865_C1.wav,6,4000,32491,normal,set_b,2.147095551823623
447,normal_noisynormal_154_1306935608852_C.wav,5,4000,-21957,normal,set_b,-5.71435486473404
448,normal__146_1306778707532_D3.wav,2,4000,-23526,normal,set_b,-11.058381317978247
449,normal__217_1308246111629_C.wav,5,4000,-11584,normal,set_b,-0.31053866724881296
450,normal__262_1309355283807_A.wav,3,4000,-449,normal,set_b,-15.394483085678154
451,extrastole__265_1309367698923_C.wav,4,4000,18223,extrasystole,set_b,-11.094316586288993
452,normal__167_1307111318050_A.wav,11,4000,21212,normal,set_b,1.0444241701172012
453,normal__168_1307970069434_A2.wav,7,4000,-20039,normal,set_b,-17.933225185799976
454,normal__143_1306763822290_B.wav,3,4000,-10726,normal,set_b,7.241069177103472
455,normal__126_1306777102824_D.wav,9,4000,-25876,normal,set_b,-3.8267577064823017
456,murmur_noisymurmur_161_1307101199321_C.wav,12,4000,-1,murmur,set_b,-6.441151480822139
457,murmur_noisymurmur_165_1307109069581_D.wav,10,4000,-17133,murmur,set_b,32.181612297017296
458,murmur__112_1306243000964_A.wav,5,4000,32411,murmur,set_b,-27.81017948031074
459,normal_noisynormal_101_1305030823364_E.wav,5,4000,16531,normal,set_b,29.705159705159705
460,extrastole__286_1311170606028_D.wav,7,4000,-11789,extrasystole,set_b,3.897593046579006
461,murmur__254_1309350589009_D.wav,9,4000,22580,murmur,set_b,-10.205998019521855
462,normal__128_1306344005749_D.wav,3,4000,24744,normal,set_b,18.451812285387255
463,normal__145_1307987561278_B.wav,8,4000,-15763,normal,set_b,-9.020606471912885
464,normal_noisynormal_130_1306347376079_C.wav,14,4000,-1,normal,set_b,-4.744274809160306
465,extrastole__237_1308750231222_C.wav,4,4000,-9156,extrasystole,set_b,8.42875925541485
466,extrastole__128_1306344005749_A.wav,9,4000,25412,extrasystole,set_b,4.155578411736047
467,extrastole__191_1308077299430_A.wav,10,4000,20520,extrasystole,set_b,3.2554581481926266
468,murmur__171_1307971016233_D.wav,3,4000,-1,murmur,set_b,-15.01857001883915
469,normal__146_1306778707532_B.wav,10,4000,-1,normal,set_b,-2.0327084878398076
470,normal__186_1308073648738_C1.wav,3,4000,-32115,normal,set_b,-0.41816734653268334
471,normal_noisynormal_188_1308074301731_A.wav,12,4000,-1,normal,set_b,4.691353915286677
472,murmur_noisymurmur_135_1306428972976_A.wav,9,4000,-1,murmur,set_b,4.134540714444198
473,normal__300_1311772096120_C1.wav,5,4000,-16904,normal,set_b,2.8474403991868416
474,extrastole__235_1308749032454_B.wav,8,4000,-1,extrasystole,set_b,7.569506587124037
475,normal_noisynormal_198_1308141739338_D.wav,5,4000,-11902,normal,set_b,1.6207466666666666
476,normal__216_1308245839516_C.wav,3,4000,-14073,normal,set_b,8.835925660046263
477,murmur__171_1307971016233_E.wav,1,4000,-1,murmur,set_b,-7.174204843886781
478,extrastole__237_1308750231222_A.wav,2,4000,-2618,extrasystole,set_b,0.4059675622136932
479,normal__214_1308245489717_A.wav,2,4000,25784,normal,set_b,20.000995355009955
480,normal_noisynormal_159_1307018640315_A1.wav,4,4000,-3,normal,set_b,-8.569221298861189
481,normal_noisynormal_246_1309199278902_D.wav,24,4000,-1,normal,set_b,0.05650815910249873
482,murmur__185_1308073325396_C.wav,16,4000,-4140,murmur,set_b,-3.1703233807116282
483,normal__106_1306776721273_D1.wav,3,4000,-399,normal,set_b,5.375856249379529
484,normal__201_1308144942432_A1.wav,5,4000,-1,normal,set_b,3.5601195748449954
485,normal_noisynormal_113_1306244002866_A.wav,7,4000,19699,normal,set_b,4.697462611325828
486,normal__227_1308594233667_C.wav,3,4000,-1,normal,set_b,17.759620799699643
487,normal_noisynormal_137_1306764999211_D1.wav,10,4000,-1,normal,set_b,1.777459359387284
488,normal__172_1307971284351_B.wav,4,4000,-21528,normal,set_b,-10.00253278550121
489,extrastole__294_1311681084248_C.wav,12,4000,-1,extrasystole,set_b,8.755935783692438
490,murmur__240_1309201366049_B.wav,5,4000,-2,murmur,set_b,-2.8781054838856726
491,normal__283_1311167409239_A.wav,1,4000,8689,normal,set_b,65.95679584646764
492,normal_noisynormal_278_1311163365896_B.wav,13,4000,-1,normal,set_b,0.35197649254472174
493,normal_noisynormal_133_1306759619127_A1.wav,9,4000,-29111,normal,set_b,1.1524732279449261
494,murmur__162_1307101835989_A.wav,14,4000,-2,murmur,set_b,-2.530139243485976
495,normal__278_1311163365896_A.wav,3,4000,24160,normal,set_b,-18.238814642649622
496,murmur__171_1307971016233_D1.wav,3,4000,-1,murmur,set_b,16.70989364554473
497,extrastole__151_1306779785624_B.wav,11,4000,-1,extrasystole,set_b,3.4327592686755244
498,normal__106_1306776721273_B1.wav,4,4000,-1,normal,set_b,14.426903978848262
499,extrastole__127_1306764300147_C2.wav,5,4000,-7073,extrasystole,set_b,11.984441830624466
500,normal_noisynormal_173_1307973611151_C1.wav,3,4000,-1,normal,set_b,0.3225378492274075
501,normal_noisynormal_125_1306332456645_A2.wav,6,4000,-3697,normal,set_b,-5.977054474377496
502,extrastole__215_1308245664733_B1.wav,3,4000,-28068,extrasystole,set_b,4.4598190989737345
503,normal__152_1306779561195_B1.wav,4,4000,-7217,normal,set_b,6.764219358705424
504,normal__159_1307018640315_B1.wav,4,4000,-1,normal,set_b,2.382250997318684
505,normal__206_1308159601959_C.wav,3,4000,15226,normal,set_b,2.597471098265896
506,normal__146_1306778707532_D1.wav,15,4000,-14931,normal,set_b,-7.0591621253406
507,normal_noisynormal_285_1311169246969_C.wav,5,4000,17039,normal,set_b,-2.945440374123149
508,normal_noisynormal_125_1306332456645_A1.wav,3,4000,-32721,normal,set_b,-6.543241797432239
509,extrastole__216_1308245839516_B.wav,2,4000,-24343,extrasystole,set_b,-19.580248148889332
510,extrastole__274_1311075637574_A.wav,4,4000,24947,extrasystole,set_b,6.606202828692839
511,normal__210_1308162935880_B1.wav,1,4000,-944,normal,set_b,-9.010450573924961
512,normal__252_1309203336604_B.wav,2,4000,-9713,normal,set_b,32.37103594080338
513,normal_noisynormal_159_1307018640315_B.wav,4,4000,-1,normal,set_b,-5.519109187218773
514,murmur__160_1307100683334_B.wav,17,4000,-1,murmur,set_b,11.536961424507304
515,normal__129_1306344506305_B1.wav,3,4000,-2,normal,set_b,-5.691420820617158
516,normal__127_1306764300147_C1.wav,5,4000,-2610,normal,set_b,-6.728061669737225
517,normal_noisynormal_110_1305655332337_A.wav,9,4000,20153,normal,set_b,1.8611565663569547
518,extrastole__190_1308076920011_C.wav,2,4000,-14453,extrasystole,set_b,19.302614030408108
519,normal_noisynormal_264_1309356143724_B.wav,15,4000,-1,normal,set_b,9.757754800590842
520,murmur_noisymurmur_162_1307101835989_D.wav,8,4000,-18928,murmur,set_b,3.5195027589268726
521,normal__235_1308749032454_D.wav,5,4000,-1,normal,set_b,0.22158697957489973
522,murmur__281_1311165683454_D.wav,13,4000,-1562,murmur,set_b,2.576000956613588
523,normal__153_1306848820671_A.wav,3,4000,16731,normal,set_b,-10.958272434960538
524,murmur__122_1306325762831_C.wav,6,4000,18674,murmur,set_b,12.701879513748711
525,normal__151_1306779785624_D.wav,3,4000,27392,normal,set_b,-2.6054609218436875
526,extrastole__154_1306935608852_D2.wav,2,4000,-14619,extrasystole,set_b,1.842995926041993
527,normal__126_1306777102824_B.wav,7,4000,-1,normal,set_b,6.407397107897664
528,normal_noisynormal_132_1306758754432_C.wav,8,4000,-1,normal,set_b,4.656059644670051
529,normal__154_1306935608852_B1.wav,3,4000,-3708,normal,set_b,17.547529252490087
530,extrastole__194_1308139824187_B.wav,6,4000,-2650,extrasystole,set_b,5.278462654097172
531,extrastole__134_1306428161797_C1.wav,3,4000,21140,extrasystole,set_b,-27.77296242069302
532,murmur__240_1309196119795_C.wav,11,4000,-25322,murmur,set_b,4.426728029418888
533,normal_noisynormal_207_1308159792607_D.wav,13,4000,-14396,normal,set_b,-13.910272357648108
534,normal_noisynormal_143_1306763822290_A.wav,13,4000,-1,normal,set_b,-11.628309591824996
535,normal__217_1308246111629_C1.wav,3,4000,-5995,normal,set_b,-5.201560062402496
536,extrastole__144_1306522408528_B.wav,5,4000,-1,extrasystole,set_b,15.687584882686274
537,normal__179_1307990076841_B.wav,11,4000,-1,normal,set_b,3.8641543335382287
538,murmur__242_1309197394064_D.wav,5,4000,28949,murmur,set_b,9.30301724137931
539,murmur__200_1308144251434_C.wav,3,4000,-2818,murmur,set_b,1.3584417620316664
540,normal_noisynormal_129_1306344506305_C.wav,10,4000,-3237,normal,set_b,10.560013399299114
541,normal__133_1306759619127_D.wav,1,4000,-12403,normal,set_b,-6.765418701392657
542,extrastole__207_1308159792607_B.wav,4,4000,27120,extrasystole,set_b,13.351413122247617
543,normal__183_1308072703477_C.wav,4,4000,27819,normal,set_b,5.973867809057528
544,murmur_noisymurmur_293_1311680805936_D.wav,12,4000,-1,murmur,set_b,-1.8284501151270622
545,normal__184_1308073010307_D.wav,15,4000,-11297,normal,set_b,-17.968495484750385
546,normal_noisynormal_176_1307988171173_D.wav,3,4000,23859,normal,set_b,2.2947724708537045
547,normal_noisynormal_125_1306332456645_D.wav,4,4000,-9271,normal,set_b,42.28208502603422
548,normal__291_1311185210672_A.wav,3,4000,-178,normal,set_b,13.671961259079904
549,normal_noisynormal_137_1306764999211_A1.wav,4,4000,-1,normal,set_b,-15.05206865633406
550,normal__218_1308246311449_C1.wav,4,4000,-1015,normal,set_b,-15.040838144109472
551,normal_noisynormal_121_1306263877235_A.wav,14,4000,-19242,normal,set_b,2.9667912871009072
552,murmur__288_1311164615284_D.wav,11,4000,-1,murmur,set_b,8.063902406799816
553,normal__213_1308245263936_C.wav,5,4000,-1125,normal,set_b,4.925775978407557
554,normal_noisynormal_182_1308053371395_B.wav,22,4000,-1,normal,set_b,0.3780375199873882
555,normal_noisynormal_139_1306519274653_D.wav,15,4000,24807,normal,set_b,1.5332419465387253
556,normal_noisynormal_109_1305653646620_A.wav,13,4000,-26193,normal,set_b,-3.0519254955980117
557,normal_noisynormal_141_1306520154450_A1.wav,6,4000,-1,normal,set_b,-7.58147356938321
558,extrastole__163_1307104470471_C.wav,8,4000,-13969,extrasystole,set_b,9.022835366754306
559,normal__128_1306344005749_B.wav,8,4000,-2608,normal,set_b,-7.496756021141247
560,normal__146_1306778707532_D4.wav,5,4000,-9021,normal,set_b,-21.855771068220907
561,normal_noisynormal_142_1306763049574_B.wav,12,4000,-15433,normal,set_b,-1.9794021223362954
562,normal__103_1305031931979_D2.wav,5,4000,-9027,normal,set_b,-21.02617059713881
563,normal__188_1308074301731_C.wav,8,4000,-11299,normal,set_b,-14.81631463003758
564,normal_noisynormal_129_1306344506305_A.wav,9,4000,-1,normal,set_b,-9.825109343352805
565,murmur__223_1308337062581_D.wav,4,4000,-6370,murmur,set_b,-11.872683923705722
566,normal__140_1306519735121_A.wav,11,4000,18751,normal,set_b,3.416533333333333
567,normal__174_1307987737137_B.wav,3,4000,-22536,normal,set_b,-13.069081641940475
568,normal_noisynormal_115_1306259437619_A1.wav,6,4000,-1,normal,set_b,7.146102518609943
569,normal__238_1309194586293_B.wav,1,4000,-10164,normal,set_b,-13.61495962600935
570,normal__286_1311170606028_A.wav,2,4000,-248,normal,set_b,-10.940064620355413
571,normal_noisynormal_155_1306935902813_C.wav,8,4000,-3789,normal,set_b,0.8798876579809642
572,normal__190_1308076920011_C1.wav,1,4000,-7611,normal,set_b,-2.3622628250175683
573,normal__232_1308748524018_D1.wav,2,4000,31855,normal,set_b,-11.729476502082093
574,normal__210_1308162935880_D1.wav,1,4000,-4610,normal,set_b,-29.890045662100455
575,normal_noisynormal_137_1306764999211_C1.wav,2,4000,-3,normal,set_b,65.50891877058177
576,murmur__276_1311162716489_C.wav,6,4000,-11400,murmur,set_b,-32.48580505066752
577,normal__227_1308594233667_B.wav,2,4000,-1,normal,set_b,21.756856023506366
578,extrastole__198_1308141739338_B.wav,5,4000,-1,extrasystole,set_b,1.852115769437259
579,normal_noisynormal_101_1305030823364_B.wav,9,4000,32453,normal,set_b,8.850009934996736
580,normal_noisynormal_140_1306519735121_C.wav,11,4000,-1,normal,set_b,0.2270373086442387
581,normal_noisynormal_133_1306759619127_B1.wav,6,4000,-962,normal,set_b,21.38594672556001
582,murmur__254_1309350589009_A1.wav,7,4000,-187,murmur,set_b,0.523229864069791
583,murmur__248_1309201683806_C.wav,10,4000,-1,murmur,set_b,0.869925918408768
584,normal__282_1311166081161_C.wav,2,4000,-31026,normal,set_b,-22.10427968655817
